Encuesta,Periodo,Indicadores,Total,Urbana,Rural,Hombre,Mujer
ENEMDU*,ene-21,Población Total,17715615.05,12077386,5638229.048,8670997.026,9044618.022
ENEMDU*,ene-21,Población menor de 15 años,5127554.027,3304292,1823262.027,2513994.014,2613560.012
ENEMDU*,ene-21,Población en Edad de Trabajar (PET),12588061.02,8773094,3814967.021,6157003.011,6431058.01
ENEMDU*,ene-21,Población Económicamente Activa,8346101.056,5429730.956,2916370.101,4847023.197,3499077.86
ENEMDU*,ene-21,Empleo,7900929.389,5052498.855,2848430.534,4632783.578,3268145.811
ENEMDU*,ene-21,Empleo Adecuado/Pleno,2671029.82,2206150.586,464879.2337,1797577.075,873452.7447
ENEMDU*,ene-21,Subempleo,1880450.652,1225634.438,654816.214,1180209.921,700240.7307
ENEMDU*,ene-21,Subempleo por insuficiencia de tiempo de trabajo,1654386.576,1080671.448,573715.1278,988893.7484,665492.8277
ENEMDU*,ene-21,Subempleo por insuficiencia de ingresos,226064.0757,144962.9895,81101.08625,191316.1727,34747.90308
ENEMDU*,ene-21,Empleo no remunerado,1089327.8,337443.2849,751884.5147,368417.1997,720910.5999
ENEMDU*,ene-21,Otro Empleo no pleno,2193852.94,1219345.42,974507.5201,1247074.727,946778.2127
ENEMDU*,ene-21,Empleo no clasificado,66268.17788,63925.12623,2343.051651,39504.65495,26763.52293
ENEMDU*,ene-21,Desempleo,445171.6676,377232.101,67939.56655,214239.6188,230932.0487
ENEMDU*,ene-21,Desempleo Abierto,375611.413,320434.9856,55176.42731,181027.8917,194583.5213
ENEMDU*,ene-21,Desempleo Oculto,69560.2546,56797.11537,12763.13924,33211.72714,36348.52747
ENEMDU*,ene-21,Desempleo Cesante,333141.654,281482.4697,51659.18425,164248.2647,168893.3893
ENEMDU*,ene-21,Desempleo Nuevo,112030.0136,95749.63126,16280.3823,49991.35413,62038.65944
ENEMDU*,ene-21,Población Económicamente Inactiva,4241959.965,3343363.044,898596.9205,1309979.815,2931980.15
ENEMDU*,21-Feb,Población Total,17735700,12091079,5644621,8680829,9054871
ENEMDU*,21-Feb,Población menor de 15 años,5133368,3308039,1825329,2516846,2616522
ENEMDU*,21-Feb,Población en Edad de Trabajar (PET),12602332,8783040,3819292,6163983,6438349
ENEMDU*,21-Feb,Población Económicamente Activa,8237702.516,5422554.069,2815148.446,4786421.932,3451280.584
ENEMDU*,21-Feb,Empleo,7790521.326,5048496.419,2742024.907,4584453.659,3206067.666
ENEMDU*,21-Feb,Empleo Adecuado/Pleno,2575859.789,2101634.836,474224.9524,1693420.028,882439.7605
ENEMDU*,21-Feb,Subempleo,1923400.032,1273911.57,649488.4618,1253564.079,669835.9529
ENEMDU*,21-Feb,Subempleo por insuficiencia de tiempo de trabajo,1700035.765,1133132.909,566902.8559,1083486.433,616549.3317
ENEMDU*,21-Feb,Subempleo por insuficiencia de ingresos,223364.2678,140778.6618,82585.60593,170077.6465,53286.62129
ENEMDU*,21-Feb,Empleo no remunerado,991264.6515,320368.2185,670896.433,323814.0114,667450.6401
ENEMDU*,21-Feb,Otro Empleo no pleno,2207163.367,1266138.672,941024.6946,1259552.994,947610.3728
ENEMDU*,21-Feb,Empleo no clasificado,92833.48644,86443.12172,6390.364719,54102.54638,38730.94005
ENEMDU*,21-Feb,Desempleo,447181.1899,374057.6502,73123.53972,201968.2723,245212.9176
ENEMDU*,21-Feb,Desempleo Abierto,396347.2211,327354.1046,68993.11657,176840.5933,219506.6279
ENEMDU*,21-Feb,Desempleo Oculto,50833.96873,46703.54558,4130.423153,25127.67905,25706.28969
ENEMDU*,21-Feb,Desempleo Cesante,354841.9168,310860.9454,43980.97133,158450.2987,196391.618
ENEMDU*,21-Feb,Desempleo Nuevo,92339.27311,63196.70471,29142.56839,43517.97357,48821.29954
ENEMDU*,21-Feb,Población Económicamente Inactiva,4364629.484,3360485.931,1004143.554,1377561.068,2987068.416
ENEMDU*,21-Mar,Población Total,17755809.14,12104788,5651021.137,8690670.065,9065139.072
ENEMDU*,21-Mar,Población menor de 15 años,5139189.058,3311790,1827399.058,2519699.024,2619490.034
ENEMDU*,21-Mar,Población en Edad de Trabajar (PET),12616620.08,8792998,3823622.079,6170971.041,6445649.038
ENEMDU*,21-Mar,Población Económicamente Activa,8054253.977,5276239.842,2778014.135,4781254.154,3272999.822
ENEMDU*,21-Mar,Empleo,7661623.038,4954518.338,2707104.7,4596734.586,3064888.452
ENEMDU*,21-Mar,Empleo Adecuado/Pleno,2547396.128,2055970.838,491425.2895,1690473.581,856922.5471
ENEMDU*,21-Mar,Subempleo,1853491.677,1232620.65,620871.0271,1205516.958,647974.7198
ENEMDU*,21-Mar,Subempleo por insuficiencia de tiempo de trabajo,1674864.265,1118500.622,556363.6427,1071082.334,603781.9305
ENEMDU*,21-Mar,Subempleo por insuficiencia de ingresos,178627.4126,114120.0283,64507.38436,134434.6233,44192.78931
ENEMDU*,21-Mar,Empleo no remunerado,1015622.857,307820.1037,707802.7535,364965.8608,650656.9965
ENEMDU*,21-Mar,Otro Empleo no pleno,2190744.793,1308886.088,881858.7047,1299176.384,891568.409
ENEMDU*,21-Mar,Empleo no clasificado,54367.58241,49220.65685,5146.925555,36601.80288,17765.77953
ENEMDU*,21-Mar,Desempleo,392630.9387,321721.5042,70909.43455,184519.5681,208111.3706
ENEMDU*,21-Mar,Desempleo Abierto,336608.4586,278075.7168,58532.74181,159022.0009,177586.4577
ENEMDU*,21-Mar,Desempleo Oculto,56022.48017,43645.78743,12376.69274,25497.56721,30524.91296
ENEMDU*,21-Mar,Desempleo Cesante,305787.6784,252673.3238,53114.3546,141217.0839,164570.5944
ENEMDU*,21-Mar,Desempleo Nuevo,86843.26037,69048.18042,17795.07995,43302.48416,43540.77621
ENEMDU*,21-Mar,Población Económicamente Inactiva,4562366.102,3516758.158,1045607.944,1389716.886,3172649.216
ENEMDU*,abr-21,Población Total,17775940.02,12118513,5657427.016,8700523.008,9075417.008
ENEMDU*,abr-21,Población menor de 15 años,5145015.007,3315545,1829470.007,2522555.003,2622460.004
ENEMDU*,abr-21,Población en Edad de Trabajar (PET),12630925.01,8802968,3827957.009,6177968.005,6452957.004
ENEMDU*,abr-21,Población Económicamente Activa,8324589.694,5429840.852,2894748.842,4837833.135,3486756.559
ENEMDU*,abr-21,Empleo,7898749.936,5062501,2836248.936,4635094.621,3263655.314
ENEMDU*,abr-21,Empleo Adecuado/Pleno,2565865.478,2080984.389,484881.0897,1698641.678,867223.8008
ENEMDU*,abr-21,Subempleo,1941859.998,1287448.454,654411.5442,1194093.546,747766.4524
ENEMDU*,abr-21,Subempleo por insuficiencia de tiempo de trabajo,1770788.344,1179159.296,591629.0486,1060750.932,710037.4121
ENEMDU*,abr-21,Subempleo por insuficiencia de ingresos,171071.6538,108289.1582,62782.4956,133342.6136,37729.0403
ENEMDU*,abr-21,Empleo no remunerado,1079299.726,302075.2698,777224.4557,376529.2604,702770.4652
ENEMDU*,abr-21,Otro Empleo no pleno,2243726.397,1328170.833,915555.5648,1322427.539,921298.8588
ENEMDU*,abr-21,Empleo no clasificado,67998.33602,63822.05431,4176.281709,43402.59868,24595.73733
ENEMDU*,abr-21,Desempleo,425839.7583,367339.8529,58499.90537,202738.5142,223101.2441
ENEMDU*,abr-21,Desempleo Abierto,375793.9152,323264.037,52529.87818,182731.9793,193061.9359
ENEMDU*,abr-21,Desempleo Oculto,50045.84311,44075.81592,5970.02719,20006.5349,30039.30822
ENEMDU*,abr-21,Desempleo Cesante,345075.4761,296115.3071,48960.16899,165227.29,179848.1861
ENEMDU*,abr-21,Desempleo Nuevo,80764.28221,71224.54583,9539.736377,37511.22422,43253.05799
ENEMDU*,abr-21,Población Económicamente Inactiva,4306335.315,3373127.148,933208.1672,1340134.869,2966200.445
ENEMDU*,21-May,Población Total,17796100.19,12132257,5663843.189,8710391.1,9085709.089
ENEMDU*,21-May,Población menor de 15 años,5150850.081,3319305,1831545.081,2525416.044,2625434.037
ENEMDU*,21-May,Población en Edad de Trabajar (PET),12645250.11,8812952,3832298.108,6184975.056,6460275.052
ENEMDU*,21-May,Población Económicamente Activa,8501293.437,5588642.493,2912650.944,4893720.145,3607573.292
ENEMDU*,21-May,Empleo,7963335.777,5112678.874,2850656.902,4610336.354,3352999.422
ENEMDU*,21-May,Empleo Adecuado/Pleno,2569032.612,2089224.091,479808.5213,1753684.038,815348.5742
ENEMDU*,21-May,Subempleo,1970477.445,1276365.611,694111.8334,1239782.42,730695.0252
ENEMDU*,21-May,Subempleo por insuficiencia de tiempo de trabajo,1742659.767,1154764.719,587895.0475,1075435.126,667224.6411
ENEMDU*,21-May,Subempleo por insuficiencia de ingresos,227817.6779,121600.892,106216.7859,164347.2937,63470.38418
ENEMDU*,21-May,Empleo no remunerado,1082268,347145.3912,735122.6086,343064.9527,739203.0471
ENEMDU*,21-May,Otro Empleo no pleno,2248647.627,1307540.063,941107.5636,1220852.215,1027795.413
ENEMDU*,21-May,Empleo no clasificado,92910.09289,92403.71766,506.3752299,52952.72945,39957.36344
ENEMDU*,21-May,Desempleo,537957.6605,475963.6183,61994.0422,283383.791,254573.8695
ENEMDU*,21-May,Desempleo Abierto,484646.0453,426999.6752,57646.37009,259963.1028,224682.9425
ENEMDU*,21-May,Desempleo Oculto,53311.6152,48963.94309,4347.672111,23420.6882,29890.927
ENEMDU*,21-May,Desempleo Cesante,449379.105,403845.0201,45534.08491,240786.3272,208592.7779
ENEMDU*,21-May,Desempleo Nuevo,88578.55544,72118.59815,16459.95729,42597.46383,45981.09161
ENEMDU*,21-May,Población Económicamente Inactiva,4143956.671,3224309.507,919647.1638,1291254.911,2852701.76
ENEMDU*,21-Jun,Población Total,17816276.16,12146012,5670264.164,8720267.087,9096009.078
ENEMDU*,21-Jun,Población menor de 15 años,5156690.078,3323068,1833622.078,2528280.044,2628410.034
ENEMDU*,21-Jun,Población en Edad de Trabajar (PET),12659586.09,8822944,3836642.087,6191987.043,6467599.043
ENEMDU*,21-Jun,Población Económicamente Activa,8332655.808,5536162.147,2796493.661,4861595.098,3471060.709
ENEMDU*,21-Jun,Empleo,7905780.815,5161607.422,2744173.393,4667471.241,3238309.575
ENEMDU*,21-Jun,Empleo Adecuado/Pleno,2604262.844,2111635.592,492627.2518,1744975.239,859287.6043
ENEMDU*,21-Jun,Subempleo,1917390.27,1310574.392,606815.8782,1205166.695,712223.5754
ENEMDU*,21-Jun,Subempleo por insuficiencia de tiempo de trabajo,1707044.508,1180923.644,526120.8641,1048710.923,658333.5851
ENEMDU*,21-Jun,Subempleo por insuficiencia de ingresos,210345.7624,129650.7483,80695.01406,156455.7721,53889.99031
ENEMDU*,21-Jun,Empleo no remunerado,1074504.765,327360.5539,747144.2109,369991.9166,704512.8482
ENEMDU*,21-Jun,Otro Empleo no pleno,2254112.158,1358534.731,895577.4268,1312957.223,941154.9344
ENEMDU*,21-Jun,Empleo no clasificado,55510.7787,53502.15357,2008.625128,34380.16641,21130.61229
ENEMDU*,21-Jun,Desempleo,426874.9924,374554.7248,52320.26766,194123.8578,232751.1347
ENEMDU*,21-Jun,Desempleo Abierto,390458.6059,346003.3544,44455.25147,180082.6501,210375.9558
ENEMDU*,21-Jun,Desempleo Oculto,36416.38657,28551.37038,7865.016188,14041.20768,22375.17888
ENEMDU*,21-Jun,Desempleo Cesante,334708.4747,297789.8732,36918.60151,153500.0045,181208.4703
ENEMDU*,21-Jun,Desempleo Nuevo,92166.51772,76764.85158,15401.66614,40623.85329,51542.66443
ENEMDU*,21-Jun,Población Económicamente Inactiva,4326930.279,3286781.853,1040148.426,1330391.945,2996538.334
ENEMDU*,21-Jul,Población Total,17836481.01,12159788,5676693.006,8730155.003,9106326.003
ENEMDU*,21-Jul,Población menor de 15 años,5162538.003,3326837,1835701.003,2531146.001,2631392.001
ENEMDU*,21-Jul,Población en Edad de Trabajar (PET),12673943,8832951,3840992.003,6199009.002,6474934.001
ENEMDU*,21-Jul,Población Económicamente Activa,8277483.403,5496749.44,2780733.963,4841849.422,3435633.98
ENEMDU*,21-Jul,Empleo,7850799.35,5145077.816,2705721.534,4657873.423,3192925.927
ENEMDU*,21-Jul,Empleo Adecuado/Pleno,2631707.928,2119241.625,512466.3034,1790194.308,841513.6205
ENEMDU*,21-Jul,Subempleo,2035105.801,1389069.239,646036.5624,1255730.123,779375.6786
ENEMDU*,21-Jul,Subempleo por insuficiencia de tiempo de trabajo,1814549.436,1261597.326,552952.1095,1091527.392,723022.044
ENEMDU*,21-Jul,Subempleo por insuficiencia de ingresos,220556.3658,127471.9129,93084.45289,164202.7312,56353.63465
ENEMDU*,21-Jul,Empleo no remunerado,916423.8348,259899.1166,656524.7182,305866.2154,610557.6194
ENEMDU*,21-Jul,Otro Empleo no pleno,2204817.584,1314829.051,889988.5333,1271008.065,933809.5196
ENEMDU*,21-Jul,Empleo no clasificado,62744.2013,62038.78425,705.417052,35074.71203,27669.48927
ENEMDU*,21-Jul,Desempleo,426684.0527,351671.6242,75012.42846,183975.9999,242708.0528
ENEMDU*,21-Jul,Desempleo Abierto,389392.4036,323939.778,65452.62563,167449.6314,221942.7722
ENEMDU*,21-Jul,Desempleo Oculto,37291.64907,27731.84623,9559.802836,16526.36849,20765.28058
ENEMDU*,21-Jul,Desempleo Cesante,349254.1829,290361.486,58892.69699,159952.9486,189301.2343
ENEMDU*,21-Jul,Desempleo Nuevo,77429.86973,61310.13826,16119.73148,24023.05126,53406.81848
ENEMDU*,21-Jul,Población Económicamente Inactiva,4396459.601,3336201.56,1060258.041,1357159.579,3039300.021
ENEMDU*,ago-21,Población Total,17856714.17,12173545,5683169.173,8740040.089,9116674.084
ENEMDU*,ago-21,Población menor de 15 años,5157946.074,3326802,1831144.074,2534311.041,2623635.033
ENEMDU*,ago-21,Población en Edad de Trabajar (PET),12698768.1,8846743,3852025.099,6205729.048,6493039.051
ENEMDU*,ago-21,Población Económicamente Activa,8540362.931,5641720.327,2898642.603,4967152.678,3573210.253
ENEMDU*,ago-21,Empleo,8125322.058,5289816.278,2835505.78,4770004.363,3355317.695
ENEMDU*,ago-21,Empleo Adecuado/Pleno,2770656.026,2237144.817,533511.2092,1858418.502,912237.5234
ENEMDU*,ago-21,Subempleo,1887049.795,1221011.929,666037.8664,1223683.063,663366.7322
ENEMDU*,ago-21,Subempleo por insuficiencia de tiempo de trabajo,1657001.253,1090839.044,566162.209,1050784.422,606216.8309
ENEMDU*,ago-21,Subempleo por insuficiencia de ingresos,230048.5424,130172.885,99875.65737,172898.6411,57149.90131
ENEMDU*,ago-21,Empleo no remunerado,950881.8345,313240.9406,637640.8939,303443.7846,647438.0499
ENEMDU*,ago-21,Otro Empleo no pleno,2451124.781,1454867.12,996257.6604,1345508.59,1105616.19
ENEMDU*,ago-21,Empleo no clasificado,65609.62171,63551.47112,2058.150586,38950.42224,26659.19947
ENEMDU*,ago-21,Desempleo,415040.8728,351904.0498,63136.82303,197148.3148,217892.5579
ENEMDU*,ago-21,Desempleo Abierto,366824.8375,312991.6989,53833.13853,173915.4533,192909.3842
ENEMDU*,ago-21,Desempleo Oculto,48216.03532,38912.35082,9303.684506,23232.86156,24983.17376
ENEMDU*,ago-21,Desempleo Cesante,329453.6577,278480.4392,50973.21848,159976.7488,169476.9089
ENEMDU*,ago-21,Desempleo Nuevo,85587.21511,73423.61056,12163.60455,37171.56607,48415.64904
ENEMDU*,ago-21,Población Económicamente Inactiva,4158405.168,3205022.673,953382.4956,1238576.371,2919828.797
ENEMDU*,21-Sep,Población Total,17876935.04,12187353,5689582.041,8749956.022,9126979.019
ENEMDU*,21-Sep,Población menor de 15 años,5163280.022,3330248,1833032.022,2536932.012,2626348.01
ENEMDU*,21-Sep,Población en Edad de Trabajar (PET),12713655.02,8857105,3856550.02,6213024.011,6500631.009
ENEMDU*,21-Sep,Población Económicamente Activa,8479137.092,5584637.607,2894499.486,4893520.781,3585616.311
ENEMDU*,21-Sep,Empleo,8066696.031,5221034.578,2845661.453,4703184.198,3363511.833
ENEMDU*,21-Sep,Empleo Adecuado/Pleno,2843731.827,2304048.061,539683.7658,1894302.09,949429.7368
ENEMDU*,21-Sep,Subempleo,1921312.089,1170752.284,750559.8045,1159844.32,761467.7689
ENEMDU*,21-Sep,Subempleo por insuficiencia de tiempo de trabajo,1715189.614,1054926.35,660263.2639,1014174.689,701014.9252
ENEMDU*,21-Sep,Subempleo por insuficiencia de ingresos,206122.4748,115825.9342,90296.54059,145669.6311,60452.84372
ENEMDU*,21-Sep,Empleo no remunerado,917971.4571,290830.0864,627141.3707,356288.1804,561683.2767
ENEMDU*,21-Sep,Otro Empleo no pleno,2340071.293,1413295.029,926776.2632,1274171.46,1065899.832
ENEMDU*,21-Sep,Empleo no clasificado,43609.36562,42109.11675,1500.24887,18578.14763,25031.21799
ENEMDU*,21-Sep,Desempleo,412441.0611,363603.0287,48838.03238,190336.5829,222104.4782
ENEMDU*,21-Sep,Desempleo Abierto,365938.4962,327679.1191,38259.37715,167618.9195,198319.5767
ENEMDU*,21-Sep,Desempleo Oculto,46502.5649,35923.90967,10578.65522,22717.66343,23784.90146
ENEMDU*,21-Sep,Desempleo Cesante,326589.7581,292199.8657,34389.89245,155317.4516,171272.3065
ENEMDU*,21-Sep,Desempleo Nuevo,85851.30302,71403.16309,14448.13993,35019.13131,50832.1717
ENEMDU*,21-Sep,Población Económicamente Inactiva,4234517.928,3272467.393,962050.5341,1319503.229,2915014.698
ENEMDU*,21-Oct,Población Total,17897230,12201204,5696026.002,8759895.001,9137335.001
ENEMDU*,21-Oct,Población menor de 15 años,5168642.001,3333702,1834940.001,2539568.001,2629074.001
ENEMDU*,21-Oct,Población en Edad de Trabajar (PET),12728588,8867502,3861086.001,6220327.001,6508261.001
ENEMDU*,21-Oct,Población Económicamente Activa,8398347.285,5560082.071,2838265.213,4895581.736,3502765.548
ENEMDU*,21-Oct,Empleo,8014143.558,5240875.71,2773267.848,4719330.511,3294813.047
ENEMDU*,21-Oct,Empleo Adecuado/Pleno,2684257.566,2237457.338,446800.228,1851954.368,832303.1975
ENEMDU*,21-Oct,Subempleo,2005392.58,1269912.591,735479.9887,1212008.332,793384.2481
ENEMDU*,21-Oct,Subempleo por insuficiencia de tiempo de trabajo,1789371.937,1161743.613,627628.3245,1062086.049,727285.8887
ENEMDU*,21-Oct,Subempleo por insuficiencia de ingresos,216020.6423,108168.978,107851.6642,149922.2829,66098.35939
ENEMDU*,21-Oct,Empleo no remunerado,947622.5966,289743.9892,657878.6075,311341.495,636281.1016
ENEMDU*,21-Oct,Otro Empleo no pleno,2325637.537,1397591.313,928046.2238,1314699.612,1010937.925
ENEMDU*,21-Oct,Empleo no clasificado,51233.27909,46170.47903,5062.800058,29326.70426,21906.57483
ENEMDU*,21-Oct,Desempleo,384203.7264,319206.3612,64997.36522,176251.2251,207952.5013
ENEMDU*,21-Oct,Desempleo Abierto,336100.7845,291606.2505,44494.53397,150276.3521,185824.4324
ENEMDU*,21-Oct,Desempleo Oculto,48102.94195,27600.1107,20502.83125,25974.87304,22128.06891
ENEMDU*,21-Oct,Desempleo Cesante,298846.1572,257855.5192,40990.63794,140223.369,158622.7882
ENEMDU*,21-Oct,Desempleo Nuevo,85357.56926,61350.84197,24006.72728,36027.85614,49329.71312
ENEMDU*,21-Oct,Población Económicamente Inactiva,4330240.717,3307419.929,1022820.788,1324745.264,3005495.452
ENEMDU*,21-Nov,Población Total,17917508.04,12215016,5702492.04,8769817.02,9147691.02
ENEMDU*,21-Nov,Población menor de 15 años,5174001.017,3337135,1836866.017,2542205.008,2631796.009
ENEMDU*,21-Nov,Población en Edad de Trabajar (PET),12743507.02,8877881,3865626.023,6227612.012,6515895.011
ENEMDU*,21-Nov,Población Económicamente Activa,8479555.067,5570455.986,2909099.081,4890453.424,3589101.644
ENEMDU*,21-Nov,Empleo,8105431.342,5246386.682,2859044.66,4724999.787,3380431.555
ENEMDU*,21-Nov,Empleo Adecuado/Pleno,2857882.46,2326500.501,531381.9584,1908419.787,949462.6721
ENEMDU*,21-Nov,Subempleo,2076425.286,1276666.74,799758.5462,1281790.872,794634.4136
ENEMDU*,21-Nov,Subempleo por insuficiencia de tiempo de trabajo,1839448.406,1158152.89,681295.516,1105747.787,733700.619
ENEMDU*,21-Nov,Subempleo por insuficiencia de ingresos,236976.8795,118513.8492,118463.0302,176043.0848,60933.79461
ENEMDU*,21-Nov,Empleo no remunerado,845813.2299,270323.5392,575489.6907,249772.1535,596041.0765
ENEMDU*,21-Nov,Otro Empleo no pleno,2264066.121,1313510.46,950555.6608,1246259.249,1017806.872
ENEMDU*,21-Nov,Empleo no clasificado,61244.24551,59385.44173,1858.803783,38757.72452,22486.52099
ENEMDU*,21-Nov,Desempleo,374123.7255,324069.3039,50054.42153,165453.6366,208670.0889
ENEMDU*,21-Nov,Desempleo Abierto,345518.0875,302021.4556,43496.63191,152283.1917,193234.8957
ENEMDU*,21-Nov,Desempleo Oculto,28605.63797,22047.84835,6557.789621,13170.44482,15435.19315
ENEMDU*,21-Nov,Desempleo Cesante,278487.0921,245805.0733,32682.01881,120821.2242,157665.8678
ENEMDU*,21-Nov,Desempleo Nuevo,95636.63339,78264.23067,17372.40272,44632.41235,51004.22105
ENEMDU*,21-Nov,Población Económicamente Inactiva,4263951.956,3307425.014,956526.9414,1337158.588,2926793.367
ENEMDU*,dic-21,Población Total,17937815,12228837,5708978,8779755,9158060
ENEMDU*,dic-21,Población menor de 15 años,5179377,3340619,1838758,2544842,2634535
ENEMDU*,dic-21,Población en Edad de Trabajar (PET),12758438,8888218,3870220,6234913,6523525
ENEMDU*,dic-21,Población Económicamente Activa,8602937.114,5710392.981,2892544.132,4936138.653,3666798.461
ENEMDU*,dic-21,Empleo,8246212.028,5405459.508,2840752.52,4761585.263,3484626.766
ENEMDU*,dic-21,Empleo Adecuado/Pleno,2919910.169,2340773.903,579136.2659,1922484.651,997425.5181
ENEMDU*,dic-21,Subempleo,1976087.836,1225882.301,750205.5354,1201166.268,774921.5688
ENEMDU*,dic-21,Subempleo por insuficiencia de tiempo de trabajo,1759315.266,1100195.446,659119.8202,1049354.419,709960.847
ENEMDU*,dic-21,Subempleo por insuficiencia de ingresos,216772.57,125686.8549,91085.71512,151811.8483,64960.72176
ENEMDU*,dic-21,Empleo no remunerado,926054.7119,321359.7861,604694.9257,302117.7289,623936.983
ENEMDU*,dic-21,Otro Empleo no pleno,2381839.249,1477645.581,904193.668,1307457.629,1074381.619
ENEMDU*,dic-21,Empleo no clasificado,42320.06282,39797.93798,2522.124842,28358.98637,13961.07645
ENEMDU*,dic-21,Desempleo,356725.0854,304933.4728,51791.61255,174553.39,182171.6954
ENEMDU*,dic-21,Desempleo Abierto,317560.6299,280886.4845,36674.14537,157773.1,159787.5299
ENEMDU*,dic-21,Desempleo Oculto,39164.45546,24046.98829,15117.46718,16780.28992,22384.16555
ENEMDU*,dic-21,Desempleo Cesante,284063.1238,247565.6498,36497.47405,144964.7713,139098.3525
ENEMDU*,dic-21,Desempleo Nuevo,72661.96154,57367.82305,15294.13849,29588.61864,43073.3429
ENEMDU*,dic-21,Población Económicamente Inactiva,4155500.886,3177825.019,977675.8676,1298774.347,2856726.539
ENEMDU*,ene-22,Población Total,17958067.08,12242702,5715365.08,8789297.043,9168770.037
ENEMDU*,ene-22,Población menor de 15 años,5182430.04,3342319,1840111.04,2546230.022,2636200.017
ENEMDU*,ene-22,Población en Edad de Trabajar (PET),12775637.04,8900383,3875254.041,6243067.021,6532570.02
ENEMDU*,ene-22,Población Económicamente Activa,8505093.818,5572282.918,2932810.9,4927285.249,3577808.569
ENEMDU*,ene-22,Empleo,8046520.336,5161870.899,2884649.437,4707206.685,3339313.651
ENEMDU*,ene-22,Empleo Adecuado/Pleno,2813259.416,2306921.002,506338.4138,1892399.638,920859.7773
ENEMDU*,ene-22,Subempleo,1923563.39,1271644.901,651918.4886,1261822.362,661741.0283
ENEMDU*,ene-22,Subempleo por insuficiencia de tiempo de trabajo,1722142.912,1165298.388,556844.5242,1110254.154,611888.7573
ENEMDU*,ene-22,Subempleo por insuficiencia de ingresos,201420.4782,106346.5138,95073.96442,151568.2072,49852.27104
ENEMDU*,ene-22,Empleo no remunerado,1067314.694,277546.2935,789768.4002,324356.3882,742958.3056
ENEMDU*,ene-22,Otro Empleo no pleno,2195548.308,1261006.033,934542.275,1202110.491,993437.8165
ENEMDU*,ene-22,Empleo no clasificado,46834.52893,44752.66961,2081.859314,26517.8058,20316.72313
ENEMDU*,ene-22,Desempleo,458573.4826,410412.0196,48161.46298,220078.564,238494.9186
ENEMDU*,ene-22,Desempleo Abierto,385702.0572,349864.8282,35837.22896,194170.5674,191531.4898
ENEMDU*,ene-22,Desempleo Oculto,72871.42544,60547.19141,12324.23402,25907.99658,46963.42886
ENEMDU*,ene-22,Desempleo Cesante,356260.8767,320116.3214,36144.55527,176964.0548,179296.8219
ENEMDU*,ene-22,Desempleo Nuevo,102312.6059,90295.69818,12016.90771,43114.50919,59198.0967
ENEMDU*,ene-22,Población Económicamente Inactiva,4270543.222,3328100.082,942443.1409,1315781.772,2954761.451
ENEMDU*,22-Feb,Población Total,17978473.19,12256578,5721895.186,8799307.086,9179166.1
ENEMDU*,22-Feb,Población menor de 15 años,5187822.076,3345796,1842026.076,2548895.028,2638927.047
ENEMDU*,22-Feb,Población en Edad de Trabajar (PET),12790651.11,8910782,3879869.11,6250412.058,6540239.052
ENEMDU*,22-Feb,Población Económicamente Activa,8482096.228,5573378.124,2908718.103,4843815.868,3638280.359
ENEMDU*,22-Feb,Empleo,8114442.548,5269597.202,2844845.345,4655500.871,3458941.676
ENEMDU*,22-Feb,Empleo Adecuado/Pleno,2685359.025,2208087.73,477271.2951,1816446.281,868912.7447
ENEMDU*,22-Feb,Subempleo,1984799.788,1272256.874,712542.9146,1238721.835,746077.9539
ENEMDU*,22-Feb,Subempleo por insuficiencia de tiempo de trabajo,1754297.366,1120110.222,634187.1443,1064078.913,690218.4534
ENEMDU*,22-Feb,Subempleo por insuficiencia de ingresos,230502.4223,152146.652,78355.77026,174642.9217,55859.50053
ENEMDU*,22-Feb,Empleo no remunerado,925557.6846,269697.2994,655860.3852,262925.0524,662632.6322
ENEMDU*,22-Feb,Otro Empleo no pleno,2499555.888,1502169.869,997386.0198,1327404.391,1172151.497
ENEMDU*,22-Feb,Empleo no clasificado,19170.16095,17385.4302,1784.730751,10003.31298,9166.847971
ENEMDU*,22-Feb,Desempleo,367653.6802,303780.9221,63872.75803,188314.997,179338.6832
ENEMDU*,22-Feb,Desempleo Abierto,314250.1928,269234.4208,45015.77197,160435.9124,153814.2804
ENEMDU*,22-Feb,Desempleo Oculto,53403.48737,34546.50131,18856.98606,27879.08454,25524.40283
ENEMDU*,22-Feb,Desempleo Cesante,287463.8411,251172.5824,36291.25867,150837.2648,136626.5763
ENEMDU*,22-Feb,Desempleo Nuevo,80189.83909,52608.33973,27581.49936,37477.73218,42712.10691
ENEMDU*,22-Feb,Población Económicamente Inactiva,4308554.882,3337403.876,971151.0065,1406596.189,2901958.693
ENEMDU*,22-Mar,Población Total,17998889,12270523,5728366,8809293,9189596
ENEMDU*,22-Mar,Población menor de 15 años,5193229,3349290,1843939,2551547,2641682
ENEMDU*,22-Mar,Población en Edad de Trabajar (PET),12805660,8921233,3884427,6257746,6547914
ENEMDU*,22-Mar,Población Económicamente Activa,8314561.412,5480769.641,2833791.771,4846826.967,3467734.445
ENEMDU*,22-Mar,Empleo,7916916.153,5141771.836,2775144.317,4639616.149,3277300.004
ENEMDU*,22-Mar,Empleo Adecuado/Pleno,2721201.857,2223544.04,497657.8174,1756621.442,964580.4154
ENEMDU*,22-Mar,Subempleo,1911075,1204779.17,706295.8303,1268215.895,642859.1051
ENEMDU*,22-Mar,Subempleo por insuficiencia de tiempo de trabajo,1720361.994,1091571.143,628790.8508,1113727.772,606634.2219
ENEMDU*,22-Mar,Subempleo por insuficiencia de ingresos,190713.0063,113208.0269,77504.97943,154488.1231,36224.88321
ENEMDU*,22-Mar,Empleo no remunerado,880365.4626,280460.3569,599905.1058,251425.8433,628939.6193
ENEMDU*,22-Mar,Otro Empleo no pleno,2365496.17,1394210.606,971285.5634,1337495.765,1028000.405
ENEMDU*,22-Mar,Empleo no clasificado,38777.66286,38777.66286,0,25857.20346,12920.4594
ENEMDU*,22-Mar,Desempleo,397645.2592,338997.8049,58647.45433,207210.818,190434.4412
ENEMDU*,22-Mar,Desempleo Abierto,354404.3932,307340.4625,47063.93066,181514.6186,172889.7746
ENEMDU*,22-Mar,Desempleo Oculto,43240.86604,31657.34236,11583.52368,25696.19937,17544.66667
ENEMDU*,22-Mar,Desempleo Cesante,315239.1523,276502.2433,38736.90905,161738.4561,153500.6962
ENEMDU*,22-Mar,Desempleo Nuevo,82406.10689,62495.56161,19910.54528,45472.36186,36933.74503
ENEMDU*,22-Mar,Población Económicamente Inactiva,4491098.588,3440463.359,1050635.229,1410919.033,3080179.555
